sim_category	demography	gtex_n	replicates	causal_min_maf	n_gwas_traits	n_causal_tested	n_gwas_cpip_tested	n_gtex_cpip_tested	fm_filtered	fm_r2	params_source	gwas_mult	gtex_mult	enloc_pow_rcp50	enloc_fp_rcp50	enloc_pow_rcp90	enloc_fp_rcp90	enloc_pow_lcp50	enloc_fp_lcp50	enloc_pow_lcp90	enloc_fp_lcp90	enloc_hit_med_gtex_sigs_rcp50	enloc_hit_med_gtex_sigs_rcp90	enloc_hit_med_gtex_sigs_lcp50	enloc_hit_med_gtex_sigs_lcp90	auc_enloc_50	auc_enloc_90	gwas_cpip_50	gtex_cpip_50	gwas_cpip_90	gtex_cpip_90	gwas_mean_cs_all	gwas_mean_cs_causative	gtex_mean_cs_all	gtex_mean_cs_causative	gwas_median_cs_all	gwas_median_cs_causative	gtex_median_cs_all	gtex_median_cs_causative
A	human	1000	1	0.01	50	50	50	50	False	0.25	inferred	5	5	1	0	1	0	1	0	1	0	1	1	1	1	0.51	0.51	6	0	5	0	3.72	2.62	7.28	5.0	2.0	2	5.0	5
A	human	1000	1	0.01	50	50	50	50	False	0.25	inferred	5	20	10	0	9	0	10	0	9	0	1.0	1	1.0	1	0.6	0.59	6	12	5	11	3.72	2.62	6.8	5.86	2.0	2	5.0	4.0
A	human	1000	1	0.01	50	50	50	50	False	0.25	inferred	10	10	7	0	5	0	7	0	5	0	1	1	1	1	0.57	0.55	21	3	18	1	4.21	3.86	7.22	6.8	3.0	2.0	5.0	6.5
A	human	1000	1	0.01	50	50	50	50	False	0.25	inferred	15	15	22	1	13	0	22	1	13	0	1.0	1	1.0	1	0.71	0.63	29	9	27	7	4.13	3.26	6.82	8.55	3.0	2	5.0	6.0
A	human	1000	1	0.01	50	50	50	50	False	0.25	inferred	20	20	26	1	23	1	26	1	23	1	1.0	1	1.0	1	0.75	0.72	39	12	36	11	3.57	2.22	6.8	5.86	2.0	1	5.0	4.0
A	human	1000	1	0.01	50	50	50	50	False	0.25	inferred	35	35	37	1	34	0	37	1	34	0	1	1.0	1	1.0	0.86	0.84	42	28	42	27	3.44	2.11	6.16	3.95	2	1	4	2
A	human	500	1	0.01	50	50	50	50	False	0.25	inferred	5	5	0	0	0	0	0	0	0	0	NA	NA	NA	NA	0.5	0.5	6	0	5	0	3.72	2.62	9.54	12.5	2.0	2	6	13.5
A	human	500	1	0.01	50	50	50	50	False	0.25	inferred	5	20	9	0	9	0	9	0	9	0	1	1	1	1	0.59	0.59	6	9	5	7	3.72	2.62	9.38	8.58	2.0	2	7	5.5
A	human	500	1	0.01	50	50	50	50	False	0.25	inferred	10	10	6	2	4	1	6	2	4	1	1.0	1.0	1.0	1.0	0.54	0.53	21	1	18	0	4.21	3.86	9.85	10.6	3.0	2.0	7.0	9.5
A	human	500	1	0.01	50	50	50	50	False	0.25	inferred	15	15	15	4	8	2	15	4	8	2	1	1.0	1	1.0	0.61	0.56	29	6	27	5	4.13	3.26	9.53	8.0	3.0	2	7.0	5.0
A	human	500	1	0.01	50	50	50	50	False	0.25	inferred	20	20	25	2	19	1	25	2	19	1	1	1	1	1	0.73	0.68	39	9	36	7	3.57	2.22	9.38	8.58	2.0	1	7	5.5
A	human	500	1	0.01	50	50	50	50	False	0.25	inferred	35	35	35	0	30	0	35	0	30	0	1	1.0	1	1.0	0.85	0.8	42	24	42	21	3.44	2.11	8.56	6.14	2	1	6.0	3
A	human	1000	1	0.01	50	50	50	50	False	0.75	inferred	5	5	1	0	1	0	1	0	1	0	1	1	1	1	0.51	0.51	6	0	5	0	1.67	1.77	3.08	2.0	1.0	2	2.0	2
A	human	1000	1	0.01	50	50	50	50	False	0.75	inferred	5	20	10	0	9	0	10	0	9	0	1.0	1	1.0	1	0.6	0.59	6	12	5	9	1.67	1.77	3.33	2.81	1.0	2	2	2
A	human	1000	1	0.01	50	50	50	50	False	0.75	inferred	10	10	6	1	5	0	6	1	5	0	1.0	1	1.0	1	0.55	0.55	20	3	18	1	2.01	2.64	3.18	2.57	1.0	2.0	2.0	2
A	human	1000	1	0.01	50	50	50	50	False	0.75	inferred	15	15	21	1	12	0	21	1	12	0	1	1.0	1	1.0	0.7	0.62	29	8	26	6	2.01	2.21	3.34	4.86	1	1	2.0	4
A	human	1000	1	0.01	50	50	50	50	False	0.75	inferred	20	20	26	1	23	1	26	1	23	1	1.0	1	1.0	1	0.75	0.72	39	12	36	9	1.92	2.05	3.33	2.81	1	1	2	2
A	human	1000	1	0.01	50	50	50	50	False	0.75	inferred	35	35	34	0	34	0	34	0	34	0	1.0	1.0	1.0	1.0	0.84	0.84	42	28	42	27	1.86	1.93	3.25	2.21	1	1	2	1.0
A	human	500	1	0.01	50	50	50	50	False	0.75	inferred	5	5	0	0	0	0	0	0	0	0	NA	NA	NA	NA	0.5	0.5	6	0	5	0	1.67	1.77	5.69	7.0	1.0	2	3	7
A	human	500	1	0.01	50	50	50	50	False	0.75	inferred	5	20	9	0	9	0	9	0	9	0	1	1	1	1	0.59	0.59	6	9	5	7	1.67	1.77	5.55	4.67	1.0	2	4.0	2.5
A	human	500	1	0.01	50	50	50	50	False	0.75	inferred	10	10	5	2	5	0	5	2	5	0	1	1	1	1	0.53	0.55	20	1	18	0	2.01	2.64	5.84	4.0	1.0	2.0	3	5
A	human	500	1	0.01	50	50	50	50	False	0.75	inferred	15	15	14	3	8	1	14	3	8	1	1.0	1.0	1.0	1.0	0.61	0.57	29	6	26	4	2.01	2.21	5.68	4.2	1	1	4	3
A	human	500	1	0.01	50	50	50	50	False	0.75	inferred	20	20	24	1	18	0	24	1	18	0	1.0	1.0	1.0	1.0	0.73	0.68	39	9	36	7	1.92	2.05	5.55	4.67	1	1	4.0	2.5
A	human	500	1	0.01	50	50	50	50	False	0.75	inferred	35	35	31	0	29	0	31	0	29	0	1	1	1	1	0.81	0.79	42	23	42	18	1.86	1.93	5.43	2.39	1	1	3.0	2
A	human	1000	1	0.01	50	50	50	50	True	0.25	inferred	5	5	2	6	1	3	2	6	1	3	2.5	1	2.5	1	0.46	0.48	9	0	7	0	4.71	7.08	5.07	6.67	2.5	4.5	3	5
A	human	1000	1	0.01	50	50	50	50	True	0.25	inferred	5	20	17	7	15	3	17	7	15	3	2	1	2	1	0.6	0.62	9	21	7	12	4.71	7.08	4.71	6.16	2.5	4.5	3	4
A	human	1000	1	0.01	50	50	50	50	True	0.25	inferred	10	10	13	11	10	2	13	11	11	2	2	1.0	2	1	0.52	0.58	26	5	23	4	4.36	5.0	5.73	7.93	3.0	3.0	4.0	7.5
A	human	1000	1	0.01	50	50	50	50	True	0.25	inferred	15	15	22	10	22	4	22	10	22	4	2.0	1.0	2.0	1.0	0.62	0.68	36	12	31	9	3.93	3.17	5.08	6.59	2.0	2	3	4.0
A	human	1000	1	0.01	50	50	50	50	True	0.25	inferred	20	20	30	3	27	2	30	3	27	2	1.0	1	1.0	1	0.77	0.75	40	21	40	12	3.36	2.21	4.71	6.16	2.0	1	3	4
A	human	1000	1	0.01	50	50	50	50	True	0.25	inferred	35	35	41	4	40	3	41	4	40	3	1	1.0	1	1.0	0.87	0.87	45	32	42	28	3.33	2.32	3.88	3.98	2	1	3	2.0
A	human	500	1	0.01	50	50	50	50	True	0.25	inferred	5	5	3	8	0	0	3	8	0	0	1	NA	1	NA	0.45	0.5	9	0	7	0	4.71	7.08	5.18	7.86	2.5	4.5	3.0	8
A	human	500	1	0.01	50	50	50	50	True	0.25	inferred	5	20	14	5	11	1	14	5	11	2	1.5	1	1.5	1	0.59	0.6	9	12	7	8	4.71	7.08	5.72	7.59	2.5	4.5	4.0	4
A	human	500	1	0.01	50	50	50	50	True	0.25	inferred	10	10	9	10	6	5	9	10	6	5	1	1.0	1	1.0	0.49	0.51	26	3	23	1	4.36	5.0	5.52	8.23	3.0	3.0	4	8
A	human	500	1	0.01	50	50	50	50	True	0.25	inferred	15	15	18	10	17	5	18	10	17	5	1.0	1	1.0	1	0.58	0.62	36	7	31	6	3.93	3.17	5.76	8.8	2.0	2	4	5.5
A	human	500	1	0.01	50	50	50	50	True	0.25	inferred	20	20	28	3	25	3	28	3	25	4	1.0	1	1.0	1	0.75	0.72	40	12	40	8	3.36	2.21	5.72	7.59	2.0	1	4.0	4
A	human	500	1	0.01	50	50	50	50	True	0.25	inferred	35	35	36	3	35	4	36	3	35	4	2.0	1	2.0	1	0.83	0.81	45	29	42	23	3.33	2.32	4.77	6.08	2	1	3	3.5
A	human	1000	1	0.01	50	50	50	50	True	0.75	inferred	5	5	2	3	1	2	2	3	1	2	1.5	1	1.5	1	0.49	0.49	9	0	6	0	1.86	3.1	1.63	2.0	1.0	2.0	1	2
A	human	1000	1	0.01	50	50	50	50	True	0.75	inferred	5	20	15	3	13	1	15	3	13	1	1	1	1	1	0.62	0.62	9	16	6	10	1.86	3.1	1.79	2.55	1.0	2.0	1	2
A	human	1000	1	0.01	50	50	50	50	True	0.75	inferred	10	10	10	6	9	2	10	6	9	2	1.5	1	1.5	1	0.54	0.57	25	3	21	3	1.91	2.78	1.78	3.36	1	2.0	1	2
A	human	1000	1	0.01	50	50	50	50	True	0.75	inferred	15	15	21	4	21	1	21	5	21	2	1	1	1	1	0.67	0.7	36	10	30	7	1.78	2.2	1.84	2.95	1	2	1.0	2
A	human	1000	1	0.01	50	50	50	50	True	0.75	inferred	20	20	28	5	25	1	28	5	25	1	1.0	1	1.0	1	0.73	0.74	40	16	39	10	1.69	2.02	1.79	2.55	1	1	1	2
A	human	1000	1	0.01	50	50	50	50	True	0.75	inferred	35	35	36	3	35	1	36	3	35	1	1.0	1	1.0	1	0.83	0.84	45	31	42	28	1.67	1.91	1.67	2.0	1	1.0	1.0	1.0
A	human	500	1	0.01	50	50	50	50	True	0.75	inferred	5	5	2	5	1	0	2	5	1	0	1.0	1	1.0	1	0.47	0.51	9	0	6	0	1.86	3.1	1.65	3.0	1.0	2.0	1	3.0
A	human	500	1	0.01	50	50	50	50	True	0.75	inferred	5	20	14	1	10	0	14	1	10	0	1.0	1.0	1.0	1.0	0.63	0.6	9	10	6	7	1.86	3.1	1.95	2.72	1.0	2.0	1.0	2
A	human	500	1	0.01	50	50	50	50	True	0.75	inferred	10	10	6	7	5	4	6	7	5	4	1.0	1	1.0	1	0.49	0.51	25	2	21	1	1.91	2.78	1.78	2.6	1	2.0	1	2.0
A	human	500	1	0.01	50	50	50	50	True	0.75	inferred	15	15	17	6	15	4	17	6	15	4	1	1	1	1	0.61	0.61	36	6	30	5	1.78	2.2	1.99	3.05	1	2	1.0	2
A	human	500	1	0.01	50	50	50	50	True	0.75	inferred	20	20	24	2	23	2	24	2	23	2	1.0	1	1.0	1	0.72	0.71	40	10	39	7	1.69	2.02	1.95	2.72	1	1	1.0	2
A	human	500	1	0.01	50	50	50	50	True	0.75	inferred	35	35	30	1	30	1	30	1	30	1	1.0	1.0	1.0	1.0	0.79	0.79	45	27	42	19	1.67	1.91	1.91	2.26	1	1.0	1.0	2
A	human	1000	5	0.001	250	113	110	113	True	0.75	params	5	20	32	29	26	4	32	29	26	4	1.0	1.0	1.0	1.0	0.506	0.544	15	31	11	21	2.09	3.18	2.0	2.74	1.0	2	1	2.0
A	human	500	5	0.001	250	110	110	110	True	0.75	params	5	20	21	23	17	5	21	23	17	5	1	1	1	1	0.496	0.524	15	15	11	10	2.09	3.18	2.1	2.93	1.0	2	1	2.0
E	cattle	1000	1	0.01	50	50	50	50	False	0.25	inferred	5	5	3	7	2	1	3	7	2	1	1	1.0	1	1.0	0.46	0.51	9	2	8	1	15.04	26.54	15.79	41.92	5	18.0	9	37.0
E	cattle	1000	1	0.01	50	50	50	50	False	0.25	inferred	5	20	19	9	11	6	19	9	12	5	2	1	2	1.5	0.6	0.55	9	24	8	20	15.04	26.54	15.39	29.9	5	18.0	8	20.5
E	cattle	1000	1	0.01	50	50	50	50	False	0.25	inferred	10	10	15	14	11	6	15	14	11	6	2	1	2	1	0.51	0.55	31	11	27	5	12.15	19.08	16.28	29.48	3.0	15	9.0	20
E	cattle	1000	1	0.01	50	50	50	50	False	0.25	inferred	15	15	21	13	15	8	21	13	17	10	2	1	2	1	0.58	0.57	38	18	35	12	11.58	14.98	15.19	26.9	4	9	8.0	20
E	cattle	1000	1	0.01	50	50	50	50	False	0.25	inferred	20	20	29	12	20	8	29	13	22	10	2	1.0	2	1.0	0.67	0.62	46	24	43	20	9.69	11.52	15.39	29.9	4.0	6.0	8	20.5
E	cattle	1000	1	0.01	50	50	50	50	False	0.25	inferred	35	35	37	6	36	6	37	6	36	6	2	1.0	2	1.0	0.81	0.8	49	38	48	32	8.85	10.8	11.69	16.81	3	5.5	5	11
E	cattle	500	1	0.01	50	50	50	50	False	0.25	inferred	5	5	3	20	1	5	3	20	1	5	1	1	1	1	0.33	0.46	9	3	8	1	15.04	26.54	16.96	42.08	5	18.0	10	31.0
E	cattle	500	1	0.01	50	50	50	50	False	0.25	inferred	5	20	12	16	8	6	12	16	9	7	3.0	2.0	3.0	3	0.46	0.52	9	14	8	10	15.04	26.54	18.35	32.07	5	18.0	10	21
E	cattle	500	1	0.01	50	50	50	50	False	0.25	inferred	10	10	7	21	6	11	7	21	6	11	2	1.0	2	1.0	0.36	0.45	31	6	27	1	12.15	19.08	16.88	27.12	3.0	15	11.0	19.5
E	cattle	500	1	0.01	50	50	50	50	False	0.25	inferred	15	15	16	20	10	15	16	20	11	16	2.5	1.0	2.5	1	0.46	0.45	38	11	35	6	11.58	14.98	18.76	36.38	4	9	10.5	25.0
E	cattle	500	1	0.01	50	50	50	50	False	0.25	inferred	20	20	20	14	16	8	20	15	17	9	2.0	1.0	2.0	1	0.56	0.58	46	14	43	10	9.69	11.52	18.35	32.07	4.0	6.0	10	21
E	cattle	500	1	0.01	50	50	50	50	False	0.25	inferred	35	35	31	12	28	6	31	12	28	9	2	1.5	2	2.0	0.69	0.72	49	33	48	23	8.85	10.8	14.67	23.23	3	5.5	8.0	16.0
E	cattle	1000	1	0.01	50	50	50	50	False	0.75	inferred	5	5	4	2	2	1	4	2	2	1	1.0	1.0	1.0	1.0	0.52	0.51	7	1	5	1	3.64	7.53	4.04	13.6	2.0	6	2	8
E	cattle	1000	1	0.01	50	50	50	50	False	0.75	inferred	5	20	15	2	13	2	15	2	13	2	1	1	1	1	0.63	0.61	7	20	5	15	3.64	7.53	4.93	9.17	2.0	6	3	5.5
E	cattle	1000	1	0.01	50	50	50	50	False	0.75	inferred	10	10	11	7	9	3	11	7	10	4	1	1	1	1.0	0.54	0.56	27	8	24	4	4.84	9.09	4.19	9.69	2.0	5	2.0	6
E	cattle	1000	1	0.01	50	50	50	50	False	0.75	inferred	15	15	20	7	17	5	20	7	18	4	1.0	1	1.0	1.0	0.63	0.62	35	12	32	10	5.44	9.33	4.78	9.48	3.0	5	3.0	4
E	cattle	1000	1	0.01	50	50	50	50	False	0.75	inferred	20	20	28	8	25	7	28	8	25	8	1.0	1	1.0	1	0.7	0.68	44	20	40	15	5.38	9.15	4.93	9.17	3	5	3	5.5
E	cattle	1000	1	0.01	50	50	50	50	False	0.75	inferred	35	35	35	8	34	7	35	8	34	7	1	1.0	1	1.0	0.77	0.77	49	32	47	27	5.32	9.2	4.56	7.97	2.5	5	2.0	5.0
E	cattle	500	1	0.01	50	50	50	50	False	0.75	inferred	5	5	1	11	1	2	1	11	1	2	1	1	1	1	0.4	0.49	7	1	5	1	3.64	7.53	4.02	5.2	2.0	6	2.0	6
E	cattle	500	1	0.01	50	50	50	50	False	0.75	inferred	5	20	12	4	10	2	12	4	10	2	2.0	1.0	2.0	1.0	0.58	0.58	7	11	5	9	3.64	7.53	4.51	5.86	2.0	6	2.0	5.0
E	cattle	500	1	0.01	50	50	50	50	False	0.75	inferred	10	10	6	16	5	4	6	16	5	6	1.5	1	1.5	1	0.4	0.51	27	1	24	1	4.84	9.09	4.23	4.5	2.0	5	2.0	3.5
E	cattle	500	1	0.01	50	50	50	50	False	0.75	inferred	15	15	13	13	10	8	13	13	10	8	2	1.0	2	1.0	0.5	0.52	35	7	32	4	5.44	9.33	4.69	4.81	3.0	5	2	5.0
E	cattle	500	1	0.01	50	50	50	50	False	0.75	inferred	20	20	21	10	18	7	21	10	18	7	2	1.0	2	1.0	0.61	0.61	44	11	40	9	5.38	9.15	4.51	5.86	3	5	2.0	5.0
E	cattle	500	1	0.01	50	50	50	50	False	0.75	inferred	35	35	31	9	30	7	31	9	30	7	1	1.0	1	1.0	0.72	0.73	49	27	47	19	5.32	9.2	4.73	8.62	2.5	5	2.5	5.0
E	cattle	1000	1	0.01	50	50	50	50	True	0.25	inferred	5	5	4	10	2	3	5	12	2	3	1.5	1.0	2	1.0	0.44	0.49	10	2	8	1	21.19	29.28	19.1	41.85	12.0	18	13.0	40
E	cattle	1000	1	0.01	50	50	50	50	True	0.25	inferred	5	20	18	14	11	11	19	13	12	12	2.0	1	3	1.5	0.54	0.5	10	24	8	20	21.19	29.28	17.46	29.61	12.0	18	11	20
E	cattle	1000	1	0.01	50	50	50	50	True	0.25	inferred	10	10	16	18	10	6	16	19	10	6	2.0	1.0	2.0	1.0	0.48	0.54	33	11	27	5	16.59	19.88	18.9	29.33	12.0	16.5	12.5	19
E	cattle	1000	1	0.01	50	50	50	50	True	0.25	inferred	15	15	21	19	15	13	22	20	16	17	3	1	3.0	2.0	0.52	0.52	40	18	35	12	15.29	14.91	17.46	27.4	9.5	9	11.0	20.0
E	cattle	1000	1	0.01	50	50	50	50	True	0.25	inferred	20	20	30	13	18	13	30	13	20	16	2.0	1.0	2.0	2.0	0.67	0.55	46	24	43	20	14.06	11.48	17.53	29.61	8.5	6.0	11.0	20
E	cattle	1000	1	0.01	50	50	50	50	True	0.25	inferred	35	35	36	10	34	10	37	9	34	10	3.0	2.0	3	2.0	0.76	0.74	49	39	48	32	13.1	10.8	13.78	18.2	7	5.5	8.0	12.5
E	cattle	500	1	0.01	50	50	50	50	True	0.25	inferred	5	5	2	29	1	9	2	29	1	12	3.0	1	3.0	1	0.23	0.42	10	3	8	1	21.19	29.28	20.47	44.86	12.0	18	14.5	32.0
E	cattle	500	1	0.01	50	50	50	50	True	0.25	inferred	5	20	14	22	6	9	14	22	7	14	3.0	2.0	4.5	2	0.42	0.47	10	14	8	10	21.19	29.28	20.32	33.77	12.0	18	13.0	21.5
E	cattle	500	1	0.01	50	50	50	50	True	0.25	inferred	10	10	8	23	7	12	8	23	7	12	2.5	1	3.0	1	0.35	0.45	33	6	27	1	16.59	19.88	19.81	30.89	12.0	16.5	14.0	21
E	cattle	500	1	0.01	50	50	50	50	True	0.25	inferred	15	15	17	25	9	18	17	25	11	22	3	1	3	1	0.42	0.41	40	11	35	6	15.29	14.91	21.76	36.38	9.5	9	13.5	25.0
E	cattle	500	1	0.01	50	50	50	50	True	0.25	inferred	20	20	20	18	15	13	20	20	17	17	3.0	1	3.0	2	0.52	0.52	46	14	43	10	14.06	11.48	20.32	33.77	8.5	6.0	13.0	21.5
E	cattle	500	1	0.01	50	50	50	50	True	0.25	inferred	35	35	31	14	27	14	31	14	27	14	3	2	3	2	0.67	0.63	49	33	48	23	13.1	10.8	16.32	23.2	7	5.5	10.0	16.0
E	cattle	1000	1	0.01	50	50	50	50	True	0.75	inferred	5	5	3	5	2	1	3	5	2	2	1	1.0	1	1.0	0.48	0.51	8	1	5	1	4.47	7.8	4.65	13.6	3.0	7.0	2	8
E	cattle	1000	1	0.01	50	50	50	50	True	0.75	inferred	5	20	15	7	12	3	15	7	12	3	1	1.0	1	1.0	0.58	0.59	8	20	5	15	4.47	7.8	5.12	9.17	3.0	7.0	3	5.5
E	cattle	1000	1	0.01	50	50	50	50	True	0.75	inferred	10	10	11	7	9	3	11	7	9	3	1	1	1	1	0.54	0.56	27	9	24	5	5.47	9.09	4.67	9.69	3.0	5	3	6
E	cattle	1000	1	0.01	50	50	50	50	True	0.75	inferred	15	15	19	7	17	4	19	7	17	5	1	1	1	1	0.62	0.63	37	12	32	10	6.15	9.33	5.06	9.48	4	5	3	4
E	cattle	1000	1	0.01	50	50	50	50	True	0.75	inferred	20	20	26	9	23	8	26	9	23	8	1.0	1	1.0	1	0.67	0.65	44	20	40	15	6.34	9.15	5.12	9.17	3.5	5	3	5.5
E	cattle	1000	1	0.01	50	50	50	50	True	0.75	inferred	35	35	33	10	32	9	33	10	32	9	2	1.0	2	1.0	0.73	0.73	49	32	47	27	6.38	9.2	4.91	7.97	3.0	5	3.0	5.0
E	cattle	500	1	0.01	50	50	50	50	True	0.75	inferred	5	5	2	9	1	2	2	9	1	2	1.5	1	1.5	1	0.43	0.49	8	1	5	1	4.47	7.8	4.56	5.2	3.0	7.0	2.0	6
E	cattle	500	1	0.01	50	50	50	50	True	0.75	inferred	5	20	11	6	10	3	11	6	10	3	2	1.0	2	1.0	0.55	0.57	8	11	5	9	4.47	7.8	4.88	5.86	3.0	7.0	3	5.0
E	cattle	500	1	0.01	50	50	50	50	True	0.75	inferred	10	10	5	15	4	4	5	15	4	6	1	1.0	1	1.0	0.4	0.5	27	1	24	1	5.47	9.09	4.81	4.5	3.0	5	3.0	3.5
E	cattle	500	1	0.01	50	50	50	50	True	0.75	inferred	15	15	12	15	9	9	12	15	9	9	2.0	1	2.0	1	0.47	0.5	37	7	32	4	6.15	9.33	5.2	4.81	4	5	3.0	5.0
E	cattle	500	1	0.01	50	50	50	50	True	0.75	inferred	20	20	20	11	17	7	20	11	17	7	2.0	1	2.0	1	0.59	0.6	44	11	40	9	6.34	9.15	4.88	5.86	3.5	5	3	5.0
E	cattle	500	1	0.01	50	50	50	50	True	0.75	inferred	35	35	30	9	28	8	30	9	28	8	1.5	1.0	1.5	1.0	0.71	0.7	49	28	47	19	6.38	9.2	5.12	8.62	3.0	5	3.0	5.0
E	cattle	1000	5	0.001	250	224	226	224	True	0.75	params	5	20	79	41	63	18	79	41	63	18	2	1	2	1	0.576	0.59	55	99	36	79	5.2	9.86	4.96	8.65	3.0	6.0	3.0	5.0
E	cattle	500	5	0.001	250	228	226	228	True	0.75	params	5	20	64	40	49	22	64	40	50	21	2.0	1	2.0	1.0	0.548	0.554	55	62	36	37	5.2	9.86	5.0	9.08	3.0	6.0	3	6
