comparison	stratifier	species	stratum	stratum_idx	n_ieqtl	n_bulk_sig	n_bulk_nom	n_samples	n_pairs	rate	rate_nom	ci_lo	ci_hi
pooled	overall	human	all	1	2727	1871	2203	481	32	0.686101943527686	0.807847451411808	0.668432606975149	0.703247703033885
pooled	overall	pig	all	1	29818	2769	10161	405	41	0.0928633711181166	0.340767321751962	0.0896212782417288	0.0962103534659614
pooled	tss_distance	human	<10kb	1	823	681	762	482	27	0.827460510328068	0.92588092345079	0.800139648666359	0.851738645836149
pooled	tss_distance	human	10-50kb	2	889	702	795	495	24	0.789651293588301	0.894263217097863	0.761642983653714	0.815167148662762
pooled	tss_distance	human	50-100kb	3	361	256	304	480	20	0.709141274238227	0.842105263157895	0.660285323738386	0.753593078371092
pooled	tss_distance	human	100-250kb	4	289	171	217	479	19	0.591695501730104	0.750865051903114	0.5341843870306	0.646800915437968
pooled	tss_distance	human	250-500kb	5	165	51	81	461	21	0.309090909090909	0.490909090909091	0.243594540480993	0.383274355108777
pooled	tss_distance	human	500kb-1Mb	6	200	10	44	436	20	0.05	0.22	0.0273826456007639	0.089578148138776
pooled	tss_distance	pig	<10kb	1	772	216	413	400	32	0.27979274611399	0.534974093264249	0.249277242115663	0.312488894335962
pooled	tss_distance	pig	10-50kb	2	2418	479	1130	405	37	0.198097601323408	0.467328370554177	0.182695642963795	0.214457298372447
pooled	tss_distance	pig	50-100kb	3	2317	337	964	405	36	0.145446698316789	0.416055243849806	0.131678327765452	0.160388782740722
pooled	tss_distance	pig	100-250kb	4	5211	565	1940	405	37	0.108424486662829	0.372289387833429	0.100269410374823	0.117156463024041
pooled	tss_distance	pig	250-500kb	5	6729	537	2202	404	37	0.079803834150691	0.327240303165403	0.0735662098780544	0.086520948777466
pooled	tss_distance	pig	500kb-1Mb	6	12371	635	3512	405	39	0.051329722738663	0.283889742138873	0.0475785599146831	0.0553594424071736
pooled	maf	human	[0.1,0.15]	1	302	160	212	492	23	0.529801324503311	0.701986754966887	0.473489021112452	0.585365001064289
pooled	maf	human	(0.15,0.2]	2	322	206	244	470	20	0.639751552795031	0.75776397515528	0.585952270804755	0.690255675003411
pooled	maf	human	(0.2,0.25]	3	323	212	251	474	19	0.656346749226006	0.777089783281734	0.602988334408682	0.706029990146676
pooled	maf	human	(0.25,0.3]	4	378	266	311	481	24	0.703703703703704	0.822751322751323	0.655808641706404	0.747500104482719
pooled	maf	human	(0.3,0.35]	5	360	259	302	477	25	0.719444444444445	0.838888888888889	0.670905790186872	0.763349284845313
pooled	maf	human	(0.35,0.4]	6	351	260	301	487	24	0.740740740740741	0.857549857549858	0.692463631401784	0.783805405935811
pooled	maf	human	(0.4,0.45]	7	335	239	273	482	20	0.713432835820896	0.814925373134328	0.662808658202746	0.759217620687973
pooled	maf	human	(0.45,0.5]	8	356	269	309	486	20	0.75561797752809	0.867977528089888	0.708405850756835	0.79737244559753
pooled	maf	pig	[0.1,0.15]	1	6211	450	2062	410	35	0.0724521011109322	0.331991627757205	0.0662659006563689	0.0791668452647481
pooled	maf	pig	(0.15,0.2]	2	5596	452	1950	406	38	0.0807719799857041	0.348463187991422	0.073916997440059	0.0882021385206013
pooled	maf	pig	(0.2,0.25]	3	3914	360	1298	404	35	0.0919775166070516	0.331630045988758	0.0833194697340299	0.101435698750653
pooled	maf	pig	(0.25,0.3]	4	3286	302	1077	405	36	0.0919050517346318	0.327754108338405	0.0824982883083927	0.102264858010089
pooled	maf	pig	(0.3,0.35]	5	3043	348	1037	402	37	0.114360828130135	0.340782122905028	0.103536280556014	0.12615780372088
pooled	maf	pig	(0.35,0.4]	6	2812	300	987	400	35	0.106685633001422	0.35099573257468	0.0958071120898586	0.11863729738822
pooled	maf	pig	(0.4,0.45]	7	2554	288	918	403	33	0.112764291307753	0.359436178543461	0.10107415339776	0.12561755840522
pooled	maf	pig	(0.45,0.5]	8	2402	269	832	401	35	0.111990008326395	0.346378018318068	0.0999930951460208	0.125226009310803
lung_epithelium	overall	human	all	1	66	50	57	515	1	0.757575757575758	0.863636363636364	0.641908713986502	0.84490815058228
lung_epithelium	overall	pig	all	1	301	4	89	149	2	0.0132890365448505	0.295681063122924	0.00517965652278282	0.0336649903520348
lung_epithelium	tss_distance	human	<10kb	1	18	16	17	515	1	0.888888888888889	0.944444444444444	0.672002348698212	0.968980477354388
lung_epithelium	tss_distance	human	10-50kb	2	27	21	24	515	1	0.777777777777778	0.888888888888889	0.592430711333674	0.8939276054764
lung_epithelium	tss_distance	human	50-100kb	3	11	11	11	515	1	1	1	0.741167033031968	1
lung_epithelium	tss_distance	human	100-250kb	4	6	1	3	515	1	0.166666666666667	0.5	0.0300533697483066	0.56350282218647
lung_epithelium	tss_distance	human	250-500kb	5	2	1	1	515	1	0.5	0.5	0.0945312057342307	0.905468794265769
lung_epithelium	tss_distance	human	500kb-1Mb	6	2	0	1	515	1	0	0.5	0	0.657619772493347
lung_epithelium	tss_distance	pig	<10kb	1	6	0	1	149	2	0	0.166666666666667	0	0.390334287902165
lung_epithelium	tss_distance	pig	10-50kb	2	16	0	4	149	2	0	0.25	0	0.193607680534436
lung_epithelium	tss_distance	pig	50-100kb	3	20	0	7	149	2	0	0.35	1.38777878078145e-17	0.161125158052819
lung_epithelium	tss_distance	pig	100-250kb	4	54	1	19	149	2	0.0185185185185185	0.351851851851852	0.00327648771822906	0.0977143748878193
lung_epithelium	tss_distance	pig	250-500kb	5	77	2	23	149	2	0.025974025974026	0.298701298701299	0.00715215980789318	0.0898458277975313
lung_epithelium	tss_distance	pig	500kb-1Mb	6	128	1	35	149	2	0.0078125	0.2734375	0.00138043189287424	0.0429262594388606
lung_epithelium	maf	human	[0.1,0.2]	1	12	8	10	515	1	0.666666666666667	0.833333333333333	0.3906220888728	0.861879908908787
lung_epithelium	maf	human	(0.2,0.3]	2	16	13	14	515	1	0.8125	0.875	0.569911190380259	0.934084009285719
lung_epithelium	maf	human	(0.3,0.4]	3	18	13	15	515	1	0.722222222222222	0.833333333333333	0.491273434397025	0.87500246620446
lung_epithelium	maf	human	(0.4,0.5]	4	20	16	18	515	1	0.8	0.9	0.583982567748107	0.919342337420202
lung_epithelium	maf	pig	[0.1,0.2]	1	77	1	24	149	2	0.012987012987013	0.311688311688312	0.00229621729712404	0.0699619891468052
lung_epithelium	maf	pig	(0.2,0.3]	2	74	1	22	149	2	0.0135135135135135	0.297297297297297	0.00238946340345683	0.0726535651984323
lung_epithelium	maf	pig	(0.3,0.4]	3	87	2	29	149	2	0.0229885057471264	0.333333333333333	0.00632708510592601	0.0799931801396141
lung_epithelium	maf	pig	(0.4,0.5]	4	63	0	14	149	2	0	0.222222222222222	3.46944695195361e-18	0.0574711995888517
brain_neurons	overall	human	all	1	39	28	34	184	7	0.717948717948718	0.871794871794872	0.562246805169792	0.834565079111523
brain_neurons	overall	pig	all	1	3226	166	914	419	1	0.0514569125852449	0.283323000619963	0.0443525660973808	0.0596282215364863
brain_neurons	tss_distance	human	<10kb	1	16	11	15	186	7	0.6875	0.9375	0.444043558347407	0.85835356145218
brain_neurons	tss_distance	human	10-50kb	2	9	8	9	182	5	0.888888888888889	1	0.565000294423344	0.980109112361455
brain_neurons	tss_distance	human	50-100kb	3	4	4	4	192	3	1	1	0.510109163545403	1
brain_neurons	tss_distance	human	100-250kb	4	1	1	1	175	1	1	1	0.206549314377237	1
brain_neurons	tss_distance	human	250-500kb	5	3	3	3	194	3	1	1	0.438502968244955	1
brain_neurons	tss_distance	human	500kb-1Mb	6	6	1	2	176	3	0.166666666666667	0.333333333333333	0.0300533697483066	0.56350282218647
brain_neurons	tss_distance	pig	<10kb	1	71	12	31	419	1	0.169014084507042	0.436619718309859	0.0994145475242826	0.272591279986335
brain_neurons	tss_distance	pig	10-50kb	2	246	39	101	419	1	0.158536585365854	0.410569105691057	0.118193914951044	0.209379655932682
brain_neurons	tss_distance	pig	50-100kb	3	233	17	84	419	1	0.0729613733905579	0.360515021459227	0.0460494234409715	0.11372606100807
brain_neurons	tss_distance	pig	100-250kb	4	562	33	170	419	1	0.0587188612099644	0.302491103202847	0.0421135224964212	0.0813158546408694
brain_neurons	tss_distance	pig	250-500kb	5	702	22	185	419	1	0.0313390313390313	0.263532763532764	0.0207854827406581	0.0469938439379231
brain_neurons	tss_distance	pig	500kb-1Mb	6	1412	43	343	419	1	0.0304532577903683	0.242917847025496	0.0226866274818023	0.040767835064821
brain_neurons	maf	human	[0.1,0.2]	1	8	6	7	193	4	0.75	0.875	0.409275430310169	0.928520787247891
brain_neurons	maf	human	(0.2,0.3]	2	4	3	4	172	4	0.75	1	0.300641842582402	0.954412739190299
brain_neurons	maf	human	(0.3,0.4]	3	18	11	15	183	7	0.611111111111111	0.833333333333333	0.386190416022379	0.796947534278364
brain_neurons	maf	human	(0.4,0.5]	4	9	8	8	185	5	0.888888888888889	0.888888888888889	0.565000294423344	0.980109112361455
brain_neurons	maf	pig	[0.1,0.2]	1	1201	52	360	419	1	0.0432972522897585	0.299750208159867	0.03316933435242	0.0563374285757498
brain_neurons	maf	pig	(0.2,0.3]	2	780	32	198	419	1	0.041025641025641	0.253846153846154	0.0292083639499412	0.0573416112488229
brain_neurons	maf	pig	(0.3,0.4]	3	664	40	179	419	1	0.0602409638554217	0.269578313253012	0.0445486924247249	0.0809922690015773
brain_neurons	maf	pig	(0.4,0.5]	4	581	42	177	419	1	0.072289156626506	0.304647160068847	0.0539232912653736	0.0962737535847339
pooled_rankmatched	overall	human	all	1	778	627	690	430	32	0.805912596401028	0.886889460154242	0.776646389049424	0.832172693937022
pooled_rankmatched	overall	pig	all	1	2402	336	973	377	41	0.139883430474605	0.405079100749376	0.126586094527526	0.154330778171136
pooled_rankmatched	tss_distance	human	<10kb	1	300	271	290	432	27	0.903333333333333	0.966666666666667	0.864618298030489	0.931849705181711
pooled_rankmatched	tss_distance	human	10-50kb	2	254	227	244	436	24	0.893700787401575	0.960629921259842	0.849759502268447	0.925910946210834
pooled_rankmatched	tss_distance	human	50-100kb	3	89	70	80	424	20	0.786516853932584	0.898876404494382	0.690471517751574	0.858852034978214
pooled_rankmatched	tss_distance	human	100-250kb	4	61	44	48	426	19	0.721311475409836	0.786885245901639	0.598285694118299	0.81811456107434
pooled_rankmatched	tss_distance	human	250-500kb	5	33	14	18	430	20	0.424242424242424	0.545454545454545	0.272355966334102	0.591927366626876
pooled_rankmatched	tss_distance	human	500kb-1Mb	6	41	1	10	399	17	0.024390243902439	0.24390243902439	0.00431853156891241	0.125950620557742
pooled_rankmatched	tss_distance	pig	<10kb	1	80	30	53	378	28	0.375	0.6625	0.276941787015312	0.48451274536857
pooled_rankmatched	tss_distance	pig	10-50kb	2	222	57	117	384	36	0.256756756756757	0.527027027027027	0.203770705609353	0.318017718163865
pooled_rankmatched	tss_distance	pig	50-100kb	3	208	42	90	380	36	0.201923076923077	0.432692307692308	0.153000987964666	0.261655610935762
pooled_rankmatched	tss_distance	pig	100-250kb	4	416	74	176	378	37	0.177884615384615	0.423076923076923	0.144133586664431	0.217530216732228
pooled_rankmatched	tss_distance	pig	250-500kb	5	560	59	232	382	37	0.105357142857143	0.414285714285714	0.0825624558528446	0.133529243178178
pooled_rankmatched	tss_distance	pig	500kb-1Mb	6	916	74	305	372	39	0.0807860262008734	0.332969432314411	0.0648395932660184	0.100233917353264
pooled_rankmatched	maf	human	[0.1,0.15]	1	69	45	53	437	23	0.652173913043478	0.768115942028986	0.534478775489576	0.753818580713757
pooled_rankmatched	maf	human	(0.15,0.2]	2	83	60	67	442	20	0.72289156626506	0.807228915662651	0.618383055223683	0.807680722405799
pooled_rankmatched	maf	human	(0.2,0.25]	3	82	64	72	437	19	0.780487804878049	0.878048780487805	0.67947945762323	0.856392143721348
pooled_rankmatched	maf	human	(0.25,0.3]	4	102	83	91	423	24	0.813725490196078	0.892156862745098	0.727298781530374	0.877379203005179
pooled_rankmatched	maf	human	(0.3,0.35]	5	128	106	117	411	25	0.828125	0.9140625	0.753460031926983	0.883668840518527
pooled_rankmatched	maf	human	(0.35,0.4]	6	98	84	90	429	24	0.857142857142857	0.918367346938776	0.774387569668705	0.912955294530095
pooled_rankmatched	maf	human	(0.4,0.45]	7	96	78	85	446	20	0.8125	0.885416666666667	0.722977457482069	0.877975300106884
pooled_rankmatched	maf	human	(0.45,0.5]	8	120	107	115	428	20	0.891666666666667	0.958333333333333	0.823446397847084	0.935588588458266
pooled_rankmatched	maf	pig	[0.1,0.15]	1	527	54	218	407	35	0.10246679316888	0.413662239089184	0.0793858685654051	0.131301252725307
pooled_rankmatched	maf	pig	(0.15,0.2]	2	499	59	197	383	38	0.118236472945892	0.394789579158317	0.0927808830522524	0.149525030041005
pooled_rankmatched	maf	pig	(0.2,0.25]	3	338	50	128	370	35	0.14792899408284	0.378698224852071	0.114042298884053	0.189728516917321
pooled_rankmatched	maf	pig	(0.25,0.3]	4	245	37	104	376	36	0.151020408163265	0.424489795918367	0.111593685525949	0.201221788188115
pooled_rankmatched	maf	pig	(0.3,0.35]	5	224	39	89	359	37	0.174107142857143	0.397321428571429	0.130057972974002	0.229145568138774
pooled_rankmatched	maf	pig	(0.35,0.4]	6	227	38	101	353	35	0.167400881057269	0.444933920704846	0.124458526673335	0.221412874541084
pooled_rankmatched	maf	pig	(0.4,0.45]	7	177	31	77	364	33	0.175141242937853	0.435028248587571	0.126217186882125	0.237866686639248
pooled_rankmatched	maf	pig	(0.45,0.5]	8	165	28	59	352	34	0.16969696969697	0.357575757575758	0.12009620652489	0.234327755685981
lung_epithelium_rankmatched	overall	human	all	1	45	37	40	515	1	0.822222222222222	0.888888888888889	0.686701753735402	0.907056104858959
lung_epithelium_rankmatched	overall	pig	all	1	121	2	30	149	2	0.0165289256198347	0.247933884297521	0.00454459354612486	0.0582667424857343
brain_neurons_rankmatched	overall	human	all	1	19	14	17	180	7	0.736842105263158	0.894736842105263	0.512084491021849	0.881935876532175
brain_neurons_rankmatched	overall	pig	all	1	5	2	2	419	1	0.4	0.4	0.117620774232648	0.769275718723987
human_lowmaf	maf	human	0.05-0.10 (human only)	1	389	150	220	476	25	0.38560411311054	0.565552699228792	0.338577697119899	0.434867803598949
